<annotation verified="yes">
	<folder>images</folder>
	<filename>107.jpg</filename>
	<path>C:\Users\86187\Desktop\datasets\images\107.jpg</path>
	<source>
		<database>Unknown</database>
	</source>
	<size>
		<width>224</width>
		<height>224</height>
		<depth>3</depth>
	</size>
	<segmented>0</segmented>
	<object>
		<name>2</name>
		<pose>Unspecified</pose>
		<truncated>0</truncated>
		<difficult>0</difficult>
		<bndbox>
			<xmin>2</xmin>
			<ymin>64</ymin>
			<xmax>210</xmax>
			<ymax>214</ymax>
		</bndbox>
	</object>
	<object>
		<name>2</name>
		<pose>Unspecified</pose>
		<truncated>0</truncated>
		<difficult>0</difficult>
		<bndbox>
			<xmin>2</xmin>
			<ymin>62</ymin>
			<xmax>210</xmax>
			<ymax>216</ymax>
		</bndbox>
	</object>
</annotation>
