<annotation>
	<folder>images</folder>
	<filename>116.jpg</filename>
	<path>C:\Users\86187\Desktop\datasets\images\116.jpg</path>
	<source>
		<database>Unknown</database>
	</source>
	<size>
		<width>224</width>
		<height>224</height>
		<depth>3</depth>
	</size>
	<segmented>0</segmented>
	<object>
		<name>2</name>
		<pose>Unspecified</pose>
		<truncated>0</truncated>
		<difficult>0</difficult>
		<bndbox>
			<xmin>34</xmin>
			<ymin>59</ymin>
			<xmax>216</xmax>
			<ymax>211</ymax>
		</bndbox>
	</object>
</annotation>
