<annotation verified="yes">
	<folder>images</folder>
	<filename>1216.jpg</filename>
	<path>C:\Users\86187\Desktop\datasets\images\1216.jpg</path>
	<source>
		<database>Unknown</database>
	</source>
	<size>
		<width>224</width>
		<height>224</height>
		<depth>3</depth>
	</size>
	<segmented>0</segmented>
	<object>
		<name>1</name>
		<pose>Unspecified</pose>
		<truncated>0</truncated>
		<difficult>0</difficult>
		<bndbox>
			<xmin>44</xmin>
			<ymin>29</ymin>
			<xmax>155</xmax>
			<ymax>164</ymax>
		</bndbox>
	</object>
</annotation>
